title,artist
I Had Some Help (feat. Morgan Wallen),Post Malone
A Bar Song (Tipsy),Shaboozey
Come back to me,RM
Not Like Us,Kendrick Lamar
Lose Control,Teddy Swims
Lose My Breath,Stray Kids & Charlie Puth
Heartbreak Summer,Whitney Wren
MILLION DOLLAR BABY,Tommy Richman
euphoria,Kendrick Lamar
Ronald,"Falling In Reverse, Tech N9ne & Alex Terrible"
Too Sweet,Hozier
Beautiful Things,Benson Boone
I Had Some Help (feat. Morgan Wallen),Post Malone
HIND'S HALL,Macklemore
meet the grahams,Kendrick Lamar
Espresso,Sabrina Carpenter
A Bar Song (Tipsy),Shaboozey
Miles On It,Marshmello & Kane Brown
Feel Like Hell Today,Cooper Alan
Come back to me (Radio Edit),RM
Fortnight (feat. Post Malone),Taylor Swift
Stargazing,Myles Smith
I Can't,Reba McEntire
Troubles,Ren
Where That Came From,Randy Travis
Lose My Breath (Instrumental),Stray Kids & Charlie Puth
Like That,"Future, Metro Boomin & Kendrick Lamar"
BOA,Megan Thee Stallion
The Door,Teddy Swims
Family Matters,Drake
Jelly (feat. 2Rare) [Remix],DreamDoll
Live Like You Were Dying,Tim McGraw
I Can Do It With a Broken Heart,Taylor Swift
Come back to me,RM
Training Season,Dua Lipa
Austin,Dasha
Save Me (with Lainey Wilson),Jelly Roll
Take It All Back,"Tauren Wells, We The Kingdom & Davies"
Cowgirls (feat. ERNEST),Morgan Wallen
Can You Hear Me,Zhang Zhe Han
i like the way you kiss me,Artemas
Halfway To Hell,Jelly Roll
Lil Boo Thang,Paul Russell
Where the Wild Things Are,Luke Combs
Illusion,Dua Lipa
A Country Boy Can Survive,"Hank Williams, Jr."
we can't be friends (wait for your love),Ariana Grande
Beautiful As You,Thomas Rhett
Dirt Cheap,Cody Johnson
Wondering Why,The Red Clay Strays
Stick Season,Noah Kahan
BOA,Megan Thee Stallion
Save Me,Jelly Roll
The Sound of Silence (CYRIL Remix),Disturbed
Here Comes the Hotstepper (Heartical Mix),Ini Kamoze
GOOD DAY,Forrest Frank
Last Night,Morgan Wallen
Who’s Afraid of Little Old Me?,Taylor Swift
Austin,Dasha
Houdini,Dua Lipa
Beautiful Things,Benson Boone
Slow It Down,Benson Boone
Need a Favor,Jelly Roll
Wildflowers and Wild Horses (Single Version),Lainey Wilson
act iii: on god? (she like) [slowed down],4batz
Unwritten,Natasha Bedingfield
Lovin On Me,Jack Harlow
Push Ups,Drake
GO HOME W U,Keith Urban & Lainey Wilson
TRUCK BED,HARDY
Hard to Love,Lee Brice
Flowers,Miley Cyrus
act iii: on god? (she like) [sped up],4batz
Cruel Summer,Taylor Swift
I Remember Everything (feat. Kacey Musgraves),Zach Bryan
"Praise (feat. Brandon Lake, Chris Brown & Chandler Moore)",Elevation Worship
Down Bad,Taylor Swift
act iv: fckin u (18+) [sped up],4batz
TEXAS HOLD 'EM,Beyoncé
A Symptom Of Being Human,Shinedown
Wine Into Whiskey,Tucker Wetmore
Bulletproof,Nate Smith
act iii: on god? (she like) [remix],4batz & Kanye West
Death Wish,Royale Lynn & Danny Worsnop
act iv: fckin u (18+) [slowed down],4batz
White Horse,Chris Stapleton
Thinkin’ Bout Me,Morgan Wallen
Home,Good Neighbours
I Go Meow,The Kiffness
Wanna Be,GloRilla & Megan Thee Stallion
Fast Car,Luke Combs
Pretty Little Devil,Shaya Zamora
Tennessee Whiskey,Chris Stapleton
Hammer to the Heart,Teddy Swims
Made For Me,Muni Long
umademeast4r.mp3,4batz
act iii: on god? (she like),4batz
get out yo feelings ho,4batz
Wanna Be,GloRilla & Megan Thee Stallion
act ii: date @ 8,4batz
